﻿pos_x,pos_y,rotation,side,designator,mpn,pack,footprint,value,mount_type
321.82,-44.8225,180.0,top,C1,,,C_0603_1608Metric_Pad1.08x0.95mm_HandSolder,1uF,smt
350.48177,-144.14752,0.0,top,C10,,,C_0603_1608Metric_Pad1.08x0.95mm_HandSolder,2.2uF,smt
337.92177,-148.19427,-90.0,top,C11,,,C_0603_1608Metric_Pad1.08x0.95mm_HandSolder,22nF,smt
336.4025,-130.7225,0.0,top,C12,,,C_0603_1608Metric_Pad1.08x0.95mm_HandSolder,22nF,smt
338.61,-134.815,90.0,top,C13,,,C_0603_1608Metric_Pad1.08x0.95mm_HandSolder,2.2uF,smt
346.60177,-145.69752,90.0,top,C14,,,C_0603_1608Metric_Pad1.08x0.95mm_HandSolder,2.2uF,smt
348.10177,-145.69752,90.0,top,C15,,,C_0603_1608Metric_Pad1.08x0.95mm_HandSolder,22nF,smt
350.60177,-139.19752,90.0,top,C16,,,C_0603_1608Metric_Pad1.08x0.95mm_HandSolder,2.2uF,smt
352.10177,-139.19752,90.0,top,C17,,,C_0603_1608Metric_Pad1.08x0.95mm_HandSolder,22nF,smt
321.8225,-46.2825,180.0,top,C2,,,C_0603_1608Metric_Pad1.08x0.95mm_HandSolder,1uF,smt
342.79,-46.1325,180.0,top,C3,,,C_0603_1608Metric_Pad1.08x0.95mm_HandSolder,100nF,smt
340.25,-68.9425,-90.0,top,C4,,,C_0603_1608Metric_Pad1.08x0.95mm_HandSolder,1uF,smt
348.12,-67.0,90.0,top,C5,,,C_0603_1608Metric_Pad1.08x0.95mm_HandSolder,1uF,smt
342.96427,-152.19752,0.0,top,C8,,,C_0603_1608Metric_Pad1.08x0.95mm_HandSolder,10nF,smt
348.33927,-142.68752,0.0,top,C9,,,C_0603_1608Metric_Pad1.08x0.95mm_HandSolder,100nF,smt
52.3725,-71.0125,0.0,top,D1,,,D_SOD-523,D_45deg,smt
223.8225,-71.0225,0.0,top,D10,,,D_SOD-523,D_45deg,smt
242.8725,-71.0225,0.0,top,D11,,,D_SOD-523,D_45deg,smt
261.9225,-71.0225,0.0,top,D12,,,D_SOD-523,D_45deg,smt
280.9725,-71.0225,0.0,top,D13,,,D_SOD-523,D_45deg,smt
300.0225,-71.0225,0.0,top,D14,,,D_SOD-523,D_45deg,smt
61.8975,-90.0725,0.0,top,D15,,,D_SOD-523,D_45deg,smt
80.9475,-90.0725,0.0,top,D16,,,D_SOD-523,D_45deg,smt
99.9975,-90.0725,0.0,top,D17,,,D_SOD-523,D_45deg,smt
119.0475,-90.0725,0.0,top,D18,,,D_SOD-523,D_45deg,smt
138.0975,-90.0725,0.0,top,D19,,,D_SOD-523,D_45deg,smt
71.415,-71.0125,0.0,top,D2,,,D_SOD-523,D_45deg,smt
157.1475,-90.0725,0.0,top,D20,,,D_SOD-523,D_45deg,smt
176.1975,-90.0725,0.0,top,D21,,,D_SOD-523,D_45deg,smt
195.2475,-90.0725,0.0,top,D22,,,D_SOD-523,D_45deg,smt
214.2975,-90.0725,0.0,top,D23,,,D_SOD-523,D_45deg,smt
233.3475,-90.0725,0.0,top,D24,,,D_SOD-523,D_45deg,smt
252.3975,-90.0725,0.0,top,D25,,,D_SOD-523,D_45deg,smt
271.4475,-90.0725,0.0,top,D26,,,D_SOD-523,D_45deg,smt
290.4975,-90.0725,0.0,top,D27,,,D_SOD-523,D_45deg,smt
309.5475,-90.0725,0.0,top,D28,,,D_SOD-523,D_45deg,smt
66.66,-109.1225,0.0,top,D29,,,D_SOD-523,D_45deg,smt
90.4725,-71.0125,0.0,top,D3,,,D_SOD-523,D_45deg,smt
57.135,-128.1725,0.0,top,D30,,,D_SOD-523,D_45deg,smt
85.71,-109.1225,0.0,top,D31,,,D_SOD-523,D_45deg,smt
76.185,-128.1725,0.0,top,D32,,,D_SOD-523,D_45deg,smt
104.76,-109.1225,0.0,top,D33,,,D_SOD-523,D_45deg,smt
95.235,-128.1725,0.0,top,D34,,,D_SOD-523,D_45deg,smt
123.81,-109.1225,0.0,top,D35,,,D_SOD-523,D_45deg,smt
114.285,-128.1725,0.0,top,D36,,,D_SOD-523,D_45deg,smt
142.86,-109.1225,0.0,top,D37,,,D_SOD-523,D_45deg,smt
133.335,-128.1725,0.0,top,D38,,,D_SOD-523,D_45deg,smt
161.91,-109.1225,0.0,top,D39,,,D_SOD-523,D_45deg,smt
109.5225,-71.0125,0.0,top,D4,,,D_SOD-523,D_45deg,smt
152.385,-128.1725,0.0,top,D40,,,D_SOD-523,D_45deg,smt
180.96,-109.1225,0.0,top,D41,,,D_SOD-523,D_45deg,smt
171.435,-128.1725,0.0,top,D42,,,D_SOD-523,D_45deg,smt
200.01,-109.1225,0.0,top,D43,,,D_SOD-523,D_45deg,smt
190.485,-128.1725,0.0,top,D44,,,D_SOD-523,D_45deg,smt
219.06,-109.1225,0.0,top,D45,,,D_SOD-523,D_45deg,smt
209.535,-128.1725,0.0,top,D46,,,D_SOD-523,D_45deg,smt
238.11,-109.1225,0.0,top,D47,,,D_SOD-523,D_45deg,smt
228.585,-128.1725,0.0,top,D48,,,D_SOD-523,D_45deg,smt
257.16,-109.1225,0.0,top,D49,,,D_SOD-523,D_45deg,smt
128.5725,-71.0225,0.0,top,D5,,,D_SOD-523,D_45deg,smt
247.635,-128.1725,0.0,top,D50,,,D_SOD-523,D_45deg,smt
276.21,-109.1225,0.0,top,D51,,,D_SOD-523,D_45deg,smt
266.685,-128.1725,0.0,top,D52,,,D_SOD-523,D_45deg,smt
295.26,-109.1225,0.0,top,D53,,,D_SOD-523,D_45deg,smt
285.735,-128.1725,0.0,top,D54,,,D_SOD-523,D_45deg,smt
314.31,-109.1225,0.0,top,D55,,,D_SOD-523,D_45deg,smt
304.785,-128.1725,0.0,top,D56,,,D_SOD-523,D_45deg,smt
52.3725,-147.2225,0.0,top,D57,,,D_SOD-523,D_45deg,smt
71.4225,-147.2225,0.0,top,D59,,,D_SOD-523,D_45deg,smt
147.6225,-71.0225,0.0,top,D6,,,D_SOD-523,D_45deg,smt
90.4725,-147.2225,0.0,top,D61,,,D_SOD-523,D_45deg,smt
109.5225,-147.2225,0.0,top,D63,,,D_SOD-523,D_45deg,smt
133.335,-147.2225,0.0,top,D65,,,D_SOD-523,D_45deg,smt
152.385,-147.2225,0.0,top,D67,,,D_SOD-523,D_45deg,smt
171.435,-147.2225,0.0,top,D69,,,D_SOD-523,D_45deg,smt
166.6725,-71.0225,0.0,top,D7,,,D_SOD-523,D_45deg,smt
190.485,-147.2225,0.0,top,D71,,,D_SOD-523,D_45deg,smt
209.535,-147.2225,0.0,top,D73,,,D_SOD-523,D_45deg,smt
233.3475,-147.2225,0.0,top,D75,,,D_SOD-523,D_45deg,smt
257.7625,-147.2125,0.0,top,D77,,,D_SOD-523,D_45deg,smt
285.7325,-147.2225,0.0,top,D79,,,D_SOD-523,D_45deg,smt
185.7225,-71.0225,0.0,top,D8,,,D_SOD-523,D_45deg,smt
304.7825,-147.2225,0.0,top,D81,,,D_SOD-523,D_45deg,smt
323.835,-147.2225,0.0,top,D83,,,D_SOD-523,D_45deg,smt
204.7725,-71.0225,0.0,top,D9,,,D_SOD-523,D_45deg,smt
375.22,-46.0925,0.0,top,J2,,,PinHeader_1x04_P2.54mm_Vertical,Conn_01x04_Pin,tht
328.66,-97.3625,90.0,top,J4,,,PinHeader_1x04_P2.54mm_Vertical,Conn_01x04_Socket,tht
352.44,-64.9825,180.0,top,J5,,,PinHeader_1x02_P2.54mm_Vertical,Conn_01x02_Pin,tht
333.58,-92.95,-90.0,top,Q1,,,SOT-23,BSS84,smt
99.17,-58.435,90.0,top,Q2,,,SOT-23,BSS84,smt
192.9775,-48.7925,0.0,top,Q3,,,SOT-23,BSS84,smt
171.47,-54.6825,-90.0,top,R1,,,R_1206_3216Metric_Pad1.30x1.75mm_HandSolder,5.1k,smt
142.13,-59.9925,0.0,top,R10,,,R_1206_3216Metric_Pad1.30x1.75mm_HandSolder,100k,smt
142.13,-62.2925,0.0,top,R11,,,R_1206_3216Metric_Pad1.30x1.75mm_HandSolder,100k,smt
142.13,-64.5925,0.0,top,R12,,,R_1206_3216Metric_Pad1.30x1.75mm_HandSolder,100k,smt
146.32,-62.8425,90.0,top,R13,,,R_1206_3216Metric_Pad1.30x1.75mm_HandSolder,100k,smt
148.58,-62.8425,90.0,top,R14,,,R_1206_3216Metric_Pad1.30x1.75mm_HandSolder,100k,smt
150.84,-62.8425,90.0,top,R15,,,R_1206_3216Metric_Pad1.30x1.75mm_HandSolder,100k,smt
153.1,-62.8425,90.0,top,R16,,,R_1206_3216Metric_Pad1.30x1.75mm_HandSolder,100k,smt
155.36,-62.8425,90.0,top,R17,,,R_1206_3216Metric_Pad1.30x1.75mm_HandSolder,100k,smt
157.62,-62.8425,90.0,top,R18,,,R_1206_3216Metric_Pad1.30x1.75mm_HandSolder,100k,smt
44.66,-104.4725,0.0,top,R19,,,R_1206_3216Metric_Pad1.30x1.75mm_HandSolder,10k,smt
175.96,-54.6825,-90.0,top,R2,,,R_1206_3216Metric_Pad1.30x1.75mm_HandSolder,5.1k,smt
44.66,-101.1625,0.0,top,R20,,,R_1206_3216Metric_Pad1.30x1.75mm_HandSolder,10k,smt
44.66,-97.8525,0.0,top,R21,,,R_1206_3216Metric_Pad1.30x1.75mm_HandSolder,10k,smt
44.66,-94.5425,0.0,top,R22,,,R_1206_3216Metric_Pad1.30x1.75mm_HandSolder,10k,smt
44.66,-91.2325,0.0,top,R23,,,R_1206_3216Metric_Pad1.30x1.75mm_HandSolder,10k,smt
142.13,-43.9725,180.0,top,R24,,,R_1206_3216Metric_Pad1.30x1.75mm_HandSolder,10k,smt
142.13,-46.2325,0.0,top,R25,,,R_1206_3216Metric_Pad1.30x1.75mm_HandSolder,10k,smt
332.66,-88.2725,0.0,top,R26,,,R_1206_3216Metric_Pad1.30x1.75mm_HandSolder,1M,smt
164.42,-62.8425,90.0,top,R27,,,R_1206_3216Metric_Pad1.30x1.75mm_HandSolder,45k,smt
162.16,-62.8425,90.0,top,R28,,,R_1206_3216Metric_Pad1.30x1.75mm_HandSolder,45k,smt
159.89,-62.8425,90.0,top,R29,,,R_1206_3216Metric_Pad1.30x1.75mm_HandSolder,45k,smt
329.21,-78.2525,90.0,top,R3,,,R_1206_3216Metric_Pad1.30x1.75mm_HandSolder,10k,smt
336.15177,-145.31752,180.0,top,R30,,,R_1206_3216Metric_Pad1.30x1.75mm_HandSolder,100k,smt
336.15177,-142.00752,180.0,top,R31,,,R_1206_3216Metric_Pad1.30x1.75mm_HandSolder,3.3k,smt
336.15177,-138.69752,180.0,top,R32,,,R_1206_3216Metric_Pad1.30x1.75mm_HandSolder,10k,smt
91.09,-54.6625,90.0,top,R33,,,R_1206_3216Metric_Pad1.30x1.75mm_HandSolder,100k,smt
186.11,-49.3825,0.0,top,R34,,,R_1206_3216Metric_Pad1.30x1.75mm_HandSolder,100k,smt
334.32,-78.0425,-90.0,top,R4,,,R_1206_3216Metric_Pad1.30x1.75mm_HandSolder,10k,smt
142.13,-48.4925,0.0,top,R5,,,R_1206_3216Metric_Pad1.30x1.75mm_HandSolder,100k,smt
142.13,-50.7925,0.0,top,R6,,,R_1206_3216Metric_Pad1.30x1.75mm_HandSolder,100k,smt
142.13,-53.0925,0.0,top,R7,,,R_1206_3216Metric_Pad1.30x1.75mm_HandSolder,100k,smt
142.13,-55.3925,0.0,top,R8,,,R_1206_3216Metric_Pad1.30x1.75mm_HandSolder,100k,smt
142.13,-57.6925,0.0,top,R9,,,R_1206_3216Metric_Pad1.30x1.75mm_HandSolder,100k,smt
345.52,-59.2925,-90.0,top,SW1,,,SW_PUSH_6mm,SW_Push,tht
192.9425,-63.9425,0.0,top,SW10(8)1,,,Cherry_ULP_TH,SW_Push_45deg,tht
211.9925,-63.9425,0.0,top,SW11(9)1,,,Cherry_ULP_TH,SW_Push_45deg,tht
231.0425,-63.9425,0.0,top,SW12(0)1,,,Cherry_ULP_TH,SW_Push_45deg,tht
250.0925,-63.9425,0.0,top,SW13(-)1,,,Cherry_ULP_TH,SW_Push_45deg,tht
269.1425,-63.9425,0.0,top,SW14(=)1,,,Cherry_ULP_TH,SW_Push_45deg,tht
288.1925,-63.9425,0.0,top,SW15(bckspc)1,,,Cherry_ULP_TH,SW_Push_45deg,tht
50.0675,-82.9925,0.0,top,SW16(tab)1,,,Cherry_ULP_TH,SW_Push_45deg,tht
69.1175,-82.9925,0.0,top,SW17(q)1,,,Cherry_ULP_TH,SW_Push_45deg,tht
88.1675,-82.9925,0.0,top,SW18(w)1,,,Cherry_ULP_TH,SW_Push_45deg,tht
107.2175,-82.9925,0.0,top,SW19(e)1,,,Cherry_ULP_TH,SW_Push_45deg,tht
387.15177,-49.49752,0.0,top,SW2,,,SW_PUSH_6mm,SW_Push,tht
40.5425,-63.9425,0.0,top,SW2(esc)1,,,Cherry_ULP_TH,SW_Push_45deg,tht
126.2675,-82.9925,0.0,top,SW20(r)1,,,Cherry_ULP_TH,SW_Push_45deg,tht
145.3175,-82.9925,0.0,top,SW21(t)1,,,Cherry_ULP_TH,SW_Push_45deg,tht
164.3675,-82.9925,0.0,top,SW22(y)1,,,Cherry_ULP_TH,SW_Push_45deg,tht
183.4175,-82.9925,0.0,top,SW23(u)1,,,Cherry_ULP_TH,SW_Push_45deg,tht
202.4675,-82.9925,0.0,top,SW24(i)1,,,Cherry_ULP_TH,SW_Push_45deg,tht
221.5175,-82.9925,0.0,top,SW25(o)1,,,Cherry_ULP_TH,SW_Push_45deg,tht
240.5675,-82.9925,0.0,top,SW26(p)1,,,Cherry_ULP_TH,SW_Push_45deg,tht
259.6175,-82.9925,0.0,top,SW27([)1,,,Cherry_ULP_TH,SW_Push_45deg,tht
278.6675,-82.9925,0.0,top,SW28(])1,,,Cherry_ULP_TH,SW_Push_45deg,tht
297.7175,-82.9925,0.0,top,SW29(\)1,,,Cherry_ULP_TH,SW_Push_45deg,tht
461.15177,-49.49752,0.0,top,SW3,,,SW_PUSH_6mm,SW_Push,tht
59.5925,-63.9425,0.0,top,SW3(1)1,,,Cherry_ULP_TH,SW_Push_45deg,tht
54.83,-102.0425,0.0,top,SW30(caps)1,,,Cherry_ULP_TH,SW_Push_45deg,tht
45.305,-121.0925,0.0,top,SW31(unused)1,,,Cherry_ULP_TH,SW_Push_45deg,tht
73.88,-102.0425,0.0,top,SW32(a)1,,,Cherry_ULP_TH,SW_Push_45deg,tht
64.355,-121.0925,0.0,top,SW33(lshift)1,,,Cherry_ULP_TH,SW_Push_45deg,tht
92.93,-102.0425,0.0,top,SW34(s)1,,,Cherry_ULP_TH,SW_Push_45deg,tht
83.405,-121.0925,0.0,top,SW35(z)1,,,Cherry_ULP_TH,SW_Push_45deg,tht
111.98,-102.0425,0.0,top,SW36(d)1,,,Cherry_ULP_TH,SW_Push_45deg,tht
102.455,-121.0925,0.0,top,SW37(x)1,,,Cherry_ULP_TH,SW_Push_45deg,tht
131.03,-102.0425,0.0,top,SW38(f)1,,,Cherry_ULP_TH,SW_Push_45deg,tht
121.505,-121.0925,0.0,top,SW39(c)1,,,Cherry_ULP_TH,SW_Push_45deg,tht
424.15177,-49.49752,0.0,top,SW4,,,SW_PUSH_6mm,SW_Push,tht
78.6425,-63.9425,0.0,top,SW4(2)1,,,Cherry_ULP_TH,SW_Push_45deg,tht
150.08,-102.0425,0.0,top,SW40(g)1,,,Cherry_ULP_TH,SW_Push_45deg,tht
140.555,-121.0925,0.0,top,SW41(v)1,,,Cherry_ULP_TH,SW_Push_45deg,tht
169.13,-102.0425,0.0,top,SW42(h)1,,,Cherry_ULP_TH,SW_Push_45deg,tht
159.605,-121.0925,0.0,top,SW43(b)1,,,Cherry_ULP_TH,SW_Push_45deg,tht
188.18,-102.0425,0.0,top,SW44(j)1,,,Cherry_ULP_TH,SW_Push_45deg,tht
178.655,-121.0925,0.0,top,SW45(n)1,,,Cherry_ULP_TH,SW_Push_45deg,tht
207.23,-102.0425,0.0,top,SW46(k)1,,,Cherry_ULP_TH,SW_Push_45deg,tht
197.705,-121.0925,0.0,top,SW47(m)1,,,Cherry_ULP_TH,SW_Push_45deg,tht
226.28,-102.0425,0.0,top,SW48(l)1,,,Cherry_ULP_TH,SW_Push_45deg,tht
216.755,-121.0925,0.0,top,"SW49(,)1",,,Cherry_ULP_TH,SW_Push_45deg,tht
246.53,-61.205,180.0,top,SW5,,,SW-TH_RS601A-1020013BB,RS601A-1020013BB,tht
97.6925,-63.9425,0.0,top,SW5(3)1,,,Cherry_ULP_TH,SW_Push_45deg,tht
245.33,-102.0425,0.0,top,SW50(;)1,,,Cherry_ULP_TH,SW_Push_45deg,tht
235.805,-121.0925,0.0,top,SW51(.)1,,,Cherry_ULP_TH,SW_Push_45deg,tht
264.38,-102.0425,0.0,top,SW52(')1,,,Cherry_ULP_TH,SW_Push_45deg,tht
254.855,-121.0925,0.0,top,SW53(/)1,,,Cherry_ULP_TH,SW_Push_45deg,tht
283.43,-102.0425,0.0,top,SW54(ret)1,,,Cherry_ULP_TH,SW_Push_45deg,tht
273.905,-121.0925,0.0,top,SW55(rshift)1,,,Cherry_ULP_TH,SW_Push_45deg,tht
302.48,-102.0425,0.0,top,SW56(unused)1,,,Cherry_ULP_TH,SW_Push_45deg,tht
292.955,-121.0925,0.0,top,SW57(up)1,,,Cherry_ULP_TH,SW_Push_45deg,tht
40.5425,-140.1425,0.0,top,SW58(globe)1,,,Cherry_ULP_TH,SW_Push_45deg,tht
116.7425,-63.9425,0.0,top,SW6(4)1,,,Cherry_ULP_TH,SW_Push_45deg,tht
59.5925,-140.1425,0.0,top,SW60(lctrl)1,,,Cherry_ULP_TH,SW_Push_45deg,tht
78.6425,-140.1425,0.0,top,SW62(super)1,,,Cherry_ULP_TH,SW_Push_45deg,tht
97.6925,-140.1425,0.0,top,SW64(lalt)1,,,Cherry_ULP_TH,SW_Push_45deg,tht
121.505,-140.1425,0.0,top,SW66(spc)1,,,Cherry_ULP_TH,SW_Push_45deg,tht
140.555,-140.1425,0.0,top,SW68(spc)1,,,Cherry_ULP_TH,SW_Push_45deg,tht
135.7925,-63.9425,0.0,top,SW7(5)1,,,Cherry_ULP_TH,SW_Push_45deg,tht
159.605,-140.1425,0.0,top,SW70(spc)1,,,Cherry_ULP_TH,SW_Push_45deg,tht
178.655,-140.1425,0.0,top,SW72(spc)1,,,Cherry_ULP_TH,SW_Push_45deg,tht
197.705,-140.1425,0.0,top,SW74(spc)1,,,Cherry_ULP_TH,SW_Push_45deg,tht
221.6175,-140.2425,0.0,top,SW76(ralt)1,,,Cherry_ULP_TH,SW_Push_45deg,tht
245.93,-140.1425,0.0,top,SW78(rctrl)1,,,Cherry_ULP_TH,SW_Push_45deg,tht
154.8425,-63.9425,0.0,top,SW8(6)1,,,Cherry_ULP_TH,SW_Push_45deg,tht
273.905,-140.1425,0.0,top,SW80(left)1,,,Cherry_ULP_TH,SW_Push_45deg,tht
292.955,-140.1425,0.0,top,SW82(down)1,,,Cherry_ULP_TH,SW_Push_45deg,tht
312.005,-140.1425,0.0,top,SW84(right)1,,,Cherry_ULP_TH,SW_Push_45deg,tht
173.8925,-63.9425,0.0,top,SW9(7)1,,,Cherry_ULP_TH,SW_Push_45deg,tht
356.77,-50.6425,0.0,top,U1,,,ESP32-C3-WROOM-02,ESP32-C3-WROOM-02,smt
323.19,-48.71,0.0,top,U2,,,SOT-23-5,AP2112K-3.3,smt
150.315,-56.0425,0.0,top,U3,,UQFN-32 Texas Instruments,QFN50P500X500X60-33N,TCA6424ARGJR,smt
345.64,-70.0425,0.0,top,U4,,,VSSOP-10_3x3mm_P0.5mm,DRV2605LDGS,smt
346.10177,-138.19752,0.0,top,U5,,,UFBGA136_MCH-M,~,smt
78.6425,-59.7825,180.0,bottom,U6,,,BH-AAA-B5AA005,BH-AAA-B5AA005,smt
173.86,-48.6725,180.0,top,USB1,,,USB-C-SMD_TYPE-C-6PIN-2MD-073,TYPE-C 16PIN 2MD(073),smt
