﻿Designator,Quantity,Value,Footprint,Package,MPN,DNP,Mount_Type,Description,Sim.Device,Sim.Pins,LCSC Part,MF,Description_1,Price,SnapEDA_Link,MP,Availability,Check_prices
"C1, C2, C4, C5",4,1uF,C_0603_1608Metric_Pad1.08x0.95mm_HandSolder,,,,smt,Unpolarized capacitor,,,,,,,,,,
"C10, C13, C14, C16",4,2.2uF,C_0603_1608Metric_Pad1.08x0.95mm_HandSolder,,,,smt,Unpolarized capacitor,,,,,,,,,,
"C11, C12, C15, C17",4,22nF,C_0603_1608Metric_Pad1.08x0.95mm_HandSolder,,,,smt,Unpolarized capacitor,,,,,,,,,,
"C3, C9",2,100nF,C_0603_1608Metric_Pad1.08x0.95mm_HandSolder,,,,smt,Unpolarized capacitor,,,,,,,,,,
C8,1,10nF,C_0603_1608Metric_Pad1.08x0.95mm_HandSolder,,,,smt,Unpolarized capacitor,,,,,,,,,,
"D1, D10, D11, D12, D13, D14, D15, D16, D17, D18, D19, D2, D20, D21, D22, D23, D24, D25, D26, D27, D28, D29, D3, D30, D31, D32, D33, D34, D35, D36, D37, D38, D39, D4, D40, D41, D42, D43, D44, D45, D46, D47, D48, D49, D5, D50, D51, D52, D53, D54, D55, D56, D57, D59, D6, D61, D63, D65, D67, D69, D7, D71, D73, D75, D77, D79, D8, D81, D83, D9",70,D_45deg,D_SOD-523,,,,smt,"Diode, rotated by 45°",D,1=K 2=A,,,,,,,,
J2,1,Conn_01x04_Pin,PinHeader_1x04_P2.54mm_Vertical,,,,tht,"Generic connector, single row, 01x04, script generated",,,,,,,,,,
J4,1,Conn_01x04_Socket,PinHeader_1x04_P2.54mm_Vertical,,,,tht,"Generic connector, single row, 01x04, script generated",,,,,,,,,,
J5,1,Conn_01x02_Pin,PinHeader_1x02_P2.54mm_Vertical,,,,tht,"Generic connector, single row, 01x02, script generated",,,,,,,,,,
"Q1, Q2, Q3",3,BSS84,SOT-23,,,,smt,"-0.13A Id, -50V Vds, P-Channel MOSFET, SOT-23",,,,,,,,,,
"R1, R2",2,5.1k,R_1206_3216Metric_Pad1.30x1.75mm_HandSolder,,,,smt,Resistor,,,,,,,,,,
"R10, R11, R12, R13, R14, R15, R16, R17, R18, R30, R33, R34, R5, R6, R7, R8, R9",17,100k,R_1206_3216Metric_Pad1.30x1.75mm_HandSolder,,,,smt,Resistor,,,,,,,,,,
"R19, R20, R21, R22, R23, R24, R25, R3, R32, R4",10,10k,R_1206_3216Metric_Pad1.30x1.75mm_HandSolder,,,,smt,Resistor,,,,,,,,,,
R26,1,1M,R_1206_3216Metric_Pad1.30x1.75mm_HandSolder,,,,smt,"Resistor, small symbol",,,,,,,,,,
"R27, R28, R29",3,45k,R_1206_3216Metric_Pad1.30x1.75mm_HandSolder,,,,smt,Resistor,,,,,,,,,,
R31,1,3.3k,R_1206_3216Metric_Pad1.30x1.75mm_HandSolder,,,,smt,Resistor,,,,,,,,,,
"SW1, SW2, SW3, SW4",4,SW_Push,SW_PUSH_6mm,,,,tht,"Push button switch, generic, two pins",,,,,,,,,,
"SW10(8)1, SW11(9)1, SW12(0)1, SW13(-)1, SW14(=)1, SW15(bckspc)1, SW16(tab)1, SW17(q)1, SW18(w)1, SW19(e)1, SW2(esc)1, SW20(r)1, SW21(t)1, SW22(y)1, SW23(u)1, SW24(i)1, SW25(o)1, SW26(p)1, SW27([)1, SW28(])1, SW29(\)1, SW3(1)1, SW30(caps)1, SW31(unused)1, SW32(a)1, SW33(lshift)1, SW34(s)1, SW35(z)1, SW36(d)1, SW37(x)1, SW38(f)1, SW39(c)1, SW4(2)1, SW40(g)1, SW41(v)1, SW42(h)1, SW43(b)1, SW44(j)1, SW45(n)1, SW46(k)1, SW47(m)1, SW48(l)1, SW49(,)1, SW5(3)1, SW50(;)1, SW51(.)1, SW52(')1, SW53(/)1, SW54(ret)1, SW55(rshift)1, SW56(unused)1, SW57(up)1, SW58(globe)1, SW6(4)1, SW60(lctrl)1, SW62(super)1, SW64(lalt)1, SW66(spc)1, SW68(spc)1, SW7(5)1, SW70(spc)1, SW72(spc)1, SW74(spc)1, SW76(ralt)1, SW78(rctrl)1, SW8(6)1, SW80(left)1, SW82(down)1, SW84(right)1, SW9(7)1",70,SW_Push_45deg,Cherry_ULP_TH,,,,tht,"Push button switch, normally open, two pins, 45° tilted",,,,,,,,,,
SW5,1,RS601A-1020013BB,SW-TH_RS601A-1020013BB,,,,tht,,,,C5124216,,,,,,,
U1,1,ESP32-C3-WROOM-02,ESP32-C3-WROOM-02,,,,smt,"802.11 b/g/n Wi­Fi and Bluetooth 5 module, ESP32­C3 SoC, RISC­V microprocessor, On-board antenna",,,,,,,,,,
U2,1,AP2112K-3.3,SOT-23-5,,,,smt,"600mA low dropout linear regulator, with enable pin, 3.8V-6V input voltage range, 3.3V fixed positive output, SOT-23-5",,,,,,,,,,
U3,1,TCA6424ARGJR,QFN50P500X500X60-33N,UQFN-32 Texas Instruments,,,smt,,,,,Texas Instruments,"24-bit translating 1.65- to 5.5-V I2C/SMBus I/O expander with interrupt, reset & config registers",None,https://www.snapeda.com/parts/TCA6424ARGJR/Texas+Instruments/view-part/?ref=snap,TCA6424ARGJR,In Stock,https://www.snapeda.com/parts/TCA6424ARGJR/Texas+Instruments/view-part/?ref=eda
U4,1,DRV2605LDGS,VSSOP-10_3x3mm_P0.5mm,,,,smt,"Haptic driver for LRAs and ERMs with effect library, 2-5.2V, VSSOP-10",,,,,,,,,,
U5,1,~,UFBGA136_MCH-M,,,,smt,,,,,,,,,,,
U6,1,BH-AAA-B5AA005,BH-AAA-B5AA005,,,,smt,,,,C2979170,,,,,,,
USB1,1,TYPE-C 16PIN 2MD(073),USB-C-SMD_TYPE-C-6PIN-2MD-073,,,,smt,,,,C2765186,,,,,,,
